EmployeeID,Name,DepartmentID,Role,Gender,Age,DateOfJoining,Education
1,Employee_1,4,Software Engineer,Female,38,2016-09-10,PhD
2,Employee_2,5,Sales Executive,Female,34,2012-04-18,Masters
3,Employee_3,4,Marketing Specialist,Male,35,2014-08-24,Masters
4,Employee_4,9,Legal Advisor,Male,46,2021-11-18,PhD
5,Employee_5,7,Product Manager,Female,52,2015-03-26,Bachelors
6,Employee_6,2,Support Specialist,Male,59,2013-11-22,Masters
7,Employee_7,1,HR Manager,Female,48,2018-03-21,Bachelors
8,Employee_8,9,Legal Advisor,Male,59,2013-08-13,PhD
9,Employee_9,1,Legal Advisor,Other,52,2021-01-18,Masters
10,Employee_10,6,Data Scientist,Male,33,2014-03-04,Bachelors
11,Employee_11,2,Support Specialist,Male,35,2020-08-14,Bachelors
12,Employee_12,4,Marketing Specialist,Other,38,2011-07-07,Masters
13,Employee_13,6,Network Administrator,Female,59,2020-04-14,PhD
14,Employee_14,5,Support Specialist,Male,26,2020-01-20,Bachelors
15,Employee_15,6,Marketing Specialist,Male,31,2011-04-27,PhD
16,Employee_16,3,Network Administrator,Other,52,2011-08-23,Masters
17,Employee_17,5,HR Manager,Other,40,2013-03-10,Bachelors
18,Employee_18,2,Data Scientist,Other,53,2022-10-23,Bachelors
19,Employee_19,7,Support Specialist,Other,28,2021-08-03,Bachelors
20,Employee_20,3,Sales Executive,Female,55,2012-09-30,PhD
21,Employee_21,1,Software Engineer,Male,25,2015-06-06,Bachelors
22,Employee_22,8,Data Scientist,Male,55,2014-06-23,Bachelors
23,Employee_23,8,Sales Executive,Male,34,2018-03-17,Masters
24,Employee_24,3,UI/UX Designer,Male,41,2011-11-18,Bachelors
25,Employee_25,7,Data Scientist,Female,44,2019-05-08,PhD
26,Employee_26,9,Sales Executive,Male,37,2014-10-26,Masters
27,Employee_27,8,Data Scientist,Female,38,2016-10-16,Masters
28,Employee_28,3,Marketing Specialist,Female,54,2013-08-30,Bachelors
29,Employee_29,2,Support Specialist,Other,32,2010-04-25,Masters
30,Employee_30,10,Marketing Specialist,Other,36,2020-11-01,Bachelors
31,Employee_31,7,UI/UX Designer,Male,24,2011-07-23,Masters
32,Employee_32,7,Product Manager,Female,45,2014-04-03,PhD
33,Employee_33,9,Marketing Specialist,Other,54,2017-05-13,Bachelors
34,Employee_34,5,Software Engineer,Female,48,2022-07-27,PhD
35,Employee_35,4,Accountant,Other,31,2019-02-23,Bachelors
36,Employee_36,8,Business Analyst,Female,33,2018-03-08,PhD
37,Employee_37,4,Network Administrator,Male,51,2018-08-18,PhD
38,Employee_38,4,Marketing Specialist,Male,45,2019-08-29,Masters
39,Employee_39,2,Product Manager,Female,59,2018-04-04,Bachelors
40,Employee_40,1,DevOps Engineer,Other,30,2012-04-01,Masters
41,Employee_41,4,UI/UX Designer,Other,44,2019-10-15,PhD
42,Employee_42,7,Accountant,Male,21,2020-05-15,Bachelors
43,Employee_43,9,Support Specialist,Male,45,2014-05-28,PhD
44,Employee_44,9,Support Specialist,Male,48,2011-07-14,PhD
45,Employee_45,10,Network Administrator,Other,56,2021-02-15,PhD
46,Employee_46,1,Product Manager,Other,38,2022-02-22,PhD
47,Employee_47,5,Data Scientist,Male,26,2011-09-04,Masters
48,Employee_48,7,HR Manager,Female,22,2015-12-04,PhD
49,Employee_49,7,Sales Executive,Other,23,2015-02-25,Masters
50,Employee_50,10,Accountant,Male,28,2021-06-01,PhD
51,Employee_51,6,Legal Advisor,Female,51,2020-07-30,Bachelors
52,Employee_52,10,Recruiter,Other,39,2020-02-26,PhD
53,Employee_53,4,Accountant,Female,26,2014-09-06,PhD
54,Employee_54,3,Support Specialist,Female,34,2014-10-28,Bachelors
55,Employee_55,9,Marketing Specialist,Other,23,2014-08-20,Bachelors
56,Employee_56,10,Marketing Specialist,Male,21,2013-05-30,PhD
57,Employee_57,4,Accountant,Female,50,2010-05-06,PhD
58,Employee_58,8,Product Manager,Male,39,2013-04-14,Masters
59,Employee_59,1,Sales Executive,Other,39,2017-06-04,Bachelors
60,Employee_60,7,Network Administrator,Female,29,2019-06-09,Bachelors
61,Employee_61,6,Data Scientist,Female,27,2012-09-17,Masters
62,Employee_62,1,Recruiter,Female,57,2018-05-24,PhD
63,Employee_63,4,Data Scientist,Female,27,2014-03-02,PhD
64,Employee_64,5,Software Engineer,Female,29,2022-12-12,Bachelors
65,Employee_65,8,Sales Executive,Other,24,2016-11-03,Masters
66,Employee_66,4,Marketing Specialist,Female,45,2017-01-09,PhD
67,Employee_67,3,Software Engineer,Other,32,2017-02-10,Bachelors
68,Employee_68,2,Data Scientist,Male,26,2010-04-26,PhD
69,Employee_69,4,Data Scientist,Other,38,2012-10-28,PhD
70,Employee_70,10,Recruiter,Female,41,2013-05-26,PhD
71,Employee_71,4,Business Analyst,Male,35,2014-10-09,Bachelors
72,Employee_72,10,Product Manager,Other,23,2019-12-18,Masters
73,Employee_73,5,Support Specialist,Other,22,2022-01-17,Masters
74,Employee_74,7,Data Scientist,Other,24,2021-03-14,PhD
75,Employee_75,9,Network Administrator,Female,52,2015-05-30,Masters
76,Employee_76,2,Support Specialist,Female,22,2021-06-15,PhD
77,Employee_77,5,Network Administrator,Other,49,2022-01-21,Bachelors
78,Employee_78,10,Support Specialist,Other,22,2010-06-13,Bachelors
79,Employee_79,9,Accountant,Male,54,2019-01-24,Bachelors
80,Employee_80,3,Recruiter,Female,47,2019-04-12,PhD
81,Employee_81,1,Recruiter,Female,59,2012-09-22,Masters
82,Employee_82,2,UI/UX Designer,Male,58,2015-02-21,Bachelors
83,Employee_83,6,Marketing Specialist,Other,38,2014-12-29,PhD
84,Employee_84,5,UI/UX Designer,Other,56,2016-04-14,Masters
85,Employee_85,1,Data Scientist,Male,39,2018-12-09,Masters
86,Employee_86,1,Business Analyst,Other,47,2013-09-10,Masters
87,Employee_87,4,Legal Advisor,Other,40,2014-12-09,PhD
88,Employee_88,4,Software Engineer,Male,41,2016-03-01,PhD
89,Employee_89,6,Recruiter,Male,43,2017-12-10,PhD
90,Employee_90,6,Accountant,Male,50,2014-05-13,Bachelors
91,Employee_91,10,Accountant,Other,45,2011-03-09,PhD
92,Employee_92,6,Product Manager,Male,51,2020-06-14,Bachelors
93,Employee_93,1,UI/UX Designer,Other,47,2012-12-06,Bachelors
94,Employee_94,10,Data Scientist,Female,54,2022-08-06,Bachelors
95,Employee_95,9,Data Scientist,Female,28,2010-04-25,PhD
96,Employee_96,7,Legal Advisor,Male,39,2013-12-10,Bachelors
97,Employee_97,7,HR Manager,Other,46,2014-11-26,PhD
98,Employee_98,7,HR Manager,Other,48,2012-09-21,PhD
99,Employee_99,2,Data Scientist,Other,24,2021-10-28,Bachelors
100,Employee_100,2,Sales Executive,Male,51,2022-12-15,Bachelors
101,Employee_101,6,Network Administrator,Other,36,2012-08-15,Bachelors
102,Employee_102,7,Network Administrator,Other,30,2010-04-06,PhD
103,Employee_103,3,Legal Advisor,Other,58,2015-11-25,PhD
104,Employee_104,4,Legal Advisor,Female,30,2011-09-24,Bachelors
105,Employee_105,3,Marketing Specialist,Other,29,2020-02-02,Bachelors
106,Employee_106,7,Business Analyst,Female,59,2014-08-29,Masters
107,Employee_107,7,Accountant,Other,56,2011-11-29,Bachelors
108,Employee_108,4,DevOps Engineer,Other,56,2010-02-01,Masters
109,Employee_109,7,Network Administrator,Other,39,2011-07-03,Masters
110,Employee_110,5,Sales Executive,Female,39,2016-02-27,PhD
111,Employee_111,1,Support Specialist,Other,32,2015-03-09,PhD
112,Employee_112,10,Data Scientist,Male,33,2017-10-05,Masters
113,Employee_113,4,Recruiter,Other,45,2014-08-31,Masters
114,Employee_114,7,Sales Executive,Female,56,2013-03-02,Bachelors
115,Employee_115,2,Marketing Specialist,Female,45,2010-12-10,Masters
116,Employee_116,2,DevOps Engineer,Male,48,2021-02-24,Bachelors
117,Employee_117,1,Sales Executive,Male,59,2019-06-25,PhD
118,Employee_118,2,Recruiter,Male,50,2016-02-27,Bachelors
119,Employee_119,10,Software Engineer,Female,25,2012-08-02,PhD
120,Employee_120,8,HR Manager,Other,37,2020-08-16,Masters
121,Employee_121,8,Software Engineer,Other,38,2015-08-13,Masters
122,Employee_122,8,Accountant,Male,41,2018-12-30,Masters
123,Employee_123,1,Accountant,Male,42,2017-10-26,Bachelors
124,Employee_124,1,Network Administrator,Other,59,2013-08-23,PhD
125,Employee_125,10,UI/UX Designer,Male,26,2015-06-27,PhD
126,Employee_126,4,Recruiter,Other,36,2019-11-25,PhD
127,Employee_127,6,UI/UX Designer,Other,22,2014-11-23,PhD
128,Employee_128,8,Accountant,Other,21,2016-02-25,PhD
129,Employee_129,2,Legal Advisor,Other,50,2020-01-21,Bachelors
130,Employee_130,3,Network Administrator,Female,57,2015-11-26,PhD
131,Employee_131,6,Marketing Specialist,Other,43,2019-07-12,Masters
132,Employee_132,10,Support Specialist,Male,21,2018-04-09,PhD
133,Employee_133,4,Network Administrator,Male,39,2010-02-21,Masters
134,Employee_134,2,Support Specialist,Male,23,2015-11-30,Bachelors
135,Employee_135,7,Software Engineer,Male,22,2022-01-08,Bachelors
136,Employee_136,4,Data Scientist,Female,57,2019-12-31,Masters
137,Employee_137,8,DevOps Engineer,Other,37,2020-09-20,PhD
138,Employee_138,8,Legal Advisor,Other,48,2015-10-14,Bachelors
139,Employee_139,7,Legal Advisor,Male,38,2017-03-06,Bachelors
140,Employee_140,10,Product Manager,Male,53,2022-06-27,Bachelors
141,Employee_141,9,Business Analyst,Male,35,2022-12-13,PhD
142,Employee_142,4,Legal Advisor,Other,42,2013-09-16,Masters
143,Employee_143,7,Legal Advisor,Female,47,2020-04-12,Masters
144,Employee_144,10,Software Engineer,Female,57,2010-07-29,PhD
145,Employee_145,10,Sales Executive,Female,52,2010-08-26,Bachelors
146,Employee_146,1,Legal Advisor,Female,39,2010-12-02,PhD
147,Employee_147,4,Data Scientist,Male,48,2020-07-05,PhD
148,Employee_148,2,DevOps Engineer,Other,48,2014-04-26,Masters
149,Employee_149,9,HR Manager,Male,30,2011-05-15,PhD
150,Employee_150,5,Software Engineer,Female,40,2014-04-14,PhD
151,Employee_151,3,Software Engineer,Male,45,2012-03-01,Bachelors
152,Employee_152,4,UI/UX Designer,Female,41,2019-09-11,Bachelors
153,Employee_153,6,Sales Executive,Other,34,2018-07-20,Masters
154,Employee_154,10,Business Analyst,Female,42,2013-02-09,Bachelors
155,Employee_155,1,Sales Executive,Male,46,2020-10-19,PhD
156,Employee_156,7,DevOps Engineer,Other,31,2016-06-06,PhD
157,Employee_157,8,Support Specialist,Female,27,2021-11-03,PhD
158,Employee_158,7,DevOps Engineer,Female,37,2010-05-30,Masters
159,Employee_159,7,Network Administrator,Other,38,2018-10-12,Bachelors
160,Employee_160,9,UI/UX Designer,Male,27,2019-08-30,PhD
161,Employee_161,4,HR Manager,Other,40,2014-06-13,Bachelors
162,Employee_162,7,DevOps Engineer,Male,58,2017-01-18,Bachelors
163,Employee_163,9,Accountant,Female,31,2022-02-15,Bachelors
164,Employee_164,5,Marketing Specialist,Female,36,2021-09-09,Bachelors
165,Employee_165,2,Accountant,Other,47,2018-12-29,Masters
166,Employee_166,5,Business Analyst,Female,31,2015-10-10,Masters
167,Employee_167,4,Business Analyst,Other,36,2020-10-22,Masters
168,Employee_168,8,Legal Advisor,Female,43,2016-03-13,PhD
169,Employee_169,5,Sales Executive,Female,32,2014-06-01,PhD
170,Employee_170,9,Network Administrator,Male,23,2020-06-12,PhD
171,Employee_171,9,Legal Advisor,Other,22,2022-12-03,Masters
172,Employee_172,3,Recruiter,Other,58,2011-08-01,Bachelors
173,Employee_173,10,Network Administrator,Female,44,2011-02-27,Masters
174,Employee_174,6,Support Specialist,Male,49,2017-07-26,PhD
175,Employee_175,6,Support Specialist,Male,54,2013-05-14,PhD
176,Employee_176,4,Support Specialist,Other,40,2018-09-12,Bachelors
177,Employee_177,10,Business Analyst,Other,38,2012-01-24,Masters
178,Employee_178,3,Business Analyst,Female,34,2011-11-19,Bachelors
179,Employee_179,1,Software Engineer,Other,38,2011-12-24,Masters
180,Employee_180,7,Recruiter,Female,22,2012-01-17,PhD
181,Employee_181,5,Product Manager,Male,21,2021-11-16,Bachelors
182,Employee_182,10,Legal Advisor,Other,40,2017-06-05,Bachelors
183,Employee_183,7,Business Analyst,Male,54,2011-12-09,Masters
184,Employee_184,1,Recruiter,Male,31,2011-03-11,Masters
185,Employee_185,8,HR Manager,Female,47,2011-04-29,Masters
186,Employee_186,3,Marketing Specialist,Male,43,2019-08-20,PhD
187,Employee_187,7,Sales Executive,Female,58,2014-03-14,Masters
188,Employee_188,3,Business Analyst,Female,23,2010-06-19,PhD
189,Employee_189,3,HR Manager,Male,32,2012-10-17,Masters
190,Employee_190,10,Network Administrator,Male,50,2012-04-27,Masters
191,Employee_191,9,Sales Executive,Female,51,2011-11-27,PhD
192,Employee_192,2,Recruiter,Female,43,2019-03-01,Masters
193,Employee_193,4,Sales Executive,Male,21,2020-12-27,PhD
194,Employee_194,6,Accountant,Female,40,2010-02-01,PhD
195,Employee_195,3,Support Specialist,Female,26,2010-06-26,Masters
196,Employee_196,10,Software Engineer,Other,31,2018-02-12,Masters
197,Employee_197,10,Recruiter,Other,55,2015-10-14,Bachelors
198,Employee_198,7,HR Manager,Other,24,2020-08-22,Masters
199,Employee_199,7,Support Specialist,Other,49,2014-02-11,Bachelors
200,Employee_200,5,Business Analyst,Other,30,2016-05-04,Masters
201,Employee_201,3,Product Manager,Female,49,2017-03-29,PhD
202,Employee_202,2,Recruiter,Female,58,2010-03-07,PhD
203,Employee_203,4,Data Scientist,Other,21,2021-07-30,Bachelors
204,Employee_204,4,Accountant,Male,28,2015-04-13,Masters
205,Employee_205,8,HR Manager,Other,58,2011-08-08,Bachelors
206,Employee_206,8,Network Administrator,Male,37,2014-10-15,Masters
207,Employee_207,5,UI/UX Designer,Female,39,2016-01-14,Masters
208,Employee_208,6,Data Scientist,Male,53,2019-12-10,PhD
209,Employee_209,8,Recruiter,Female,35,2015-03-08,Bachelors
210,Employee_210,1,Software Engineer,Male,51,2016-08-26,PhD
211,Employee_211,5,UI/UX Designer,Female,41,2018-06-21,PhD
212,Employee_212,4,Data Scientist,Female,23,2012-08-31,PhD
213,Employee_213,4,Sales Executive,Other,22,2021-01-07,Bachelors
214,Employee_214,2,Recruiter,Female,55,2017-03-27,Masters
215,Employee_215,10,HR Manager,Other,36,2013-12-13,Masters
216,Employee_216,1,Recruiter,Other,41,2021-11-08,Bachelors
217,Employee_217,6,Software Engineer,Other,32,2014-01-17,Masters
218,Employee_218,7,Product Manager,Male,48,2012-02-10,Bachelors
219,Employee_219,5,Marketing Specialist,Male,32,2010-11-02,Bachelors
220,Employee_220,8,Sales Executive,Female,53,2010-01-02,Masters
221,Employee_221,9,Business Analyst,Other,40,2010-09-28,PhD
222,Employee_222,2,Recruiter,Other,41,2022-05-14,Bachelors
223,Employee_223,4,Software Engineer,Female,59,2018-10-20,Bachelors
224,Employee_224,9,Data Scientist,Other,56,2012-05-13,Bachelors
225,Employee_225,5,Data Scientist,Female,42,2017-07-02,Bachelors
226,Employee_226,3,DevOps Engineer,Other,46,2017-12-24,Masters
227,Employee_227,6,HR Manager,Male,27,2010-04-17,Masters
228,Employee_228,3,Sales Executive,Female,27,2018-09-04,Bachelors
229,Employee_229,5,Data Scientist,Female,28,2022-09-19,PhD
230,Employee_230,3,DevOps Engineer,Male,46,2017-02-12,Masters
231,Employee_231,6,UI/UX Designer,Female,44,2016-02-14,PhD
232,Employee_232,10,Business Analyst,Male,44,2017-08-31,PhD
233,Employee_233,5,Marketing Specialist,Other,32,2014-02-20,Bachelors
234,Employee_234,9,UI/UX Designer,Male,28,2010-01-19,Masters
235,Employee_235,3,Marketing Specialist,Male,29,2012-05-08,Bachelors
236,Employee_236,6,HR Manager,Female,23,2013-11-17,Bachelors
237,Employee_237,8,Recruiter,Other,41,2018-04-21,PhD
238,Employee_238,7,DevOps Engineer,Male,51,2022-05-03,PhD
239,Employee_239,6,Data Scientist,Other,44,2013-11-27,PhD
240,Employee_240,2,Software Engineer,Male,24,2016-12-06,Bachelors
241,Employee_241,7,Network Administrator,Female,40,2022-12-03,Bachelors
242,Employee_242,8,Marketing Specialist,Male,36,2021-01-21,Bachelors
243,Employee_243,1,Legal Advisor,Male,30,2021-04-06,Bachelors
244,Employee_244,9,HR Manager,Other,46,2016-02-10,Bachelors
245,Employee_245,4,Recruiter,Male,49,2016-09-18,Bachelors
246,Employee_246,8,Accountant,Female,25,2017-10-17,Bachelors
247,Employee_247,10,HR Manager,Female,31,2018-10-08,Bachelors
248,Employee_248,7,Software Engineer,Male,49,2014-12-22,Masters
249,Employee_249,10,Network Administrator,Male,35,2014-11-16,Masters
250,Employee_250,7,Legal Advisor,Other,26,2021-03-27,Masters
251,Employee_251,2,Marketing Specialist,Other,35,2011-12-06,Masters
252,Employee_252,1,Sales Executive,Female,40,2013-09-03,Bachelors
253,Employee_253,4,Legal Advisor,Other,54,2019-06-25,Bachelors
254,Employee_254,2,Support Specialist,Male,22,2019-10-31,PhD
255,Employee_255,8,DevOps Engineer,Female,36,2013-03-05,PhD
256,Employee_256,10,Marketing Specialist,Other,39,2022-09-01,Masters
257,Employee_257,7,Accountant,Female,54,2020-03-11,PhD
258,Employee_258,8,UI/UX Designer,Male,34,2019-06-01,Masters
259,Employee_259,6,Accountant,Other,44,2019-10-01,Bachelors
260,Employee_260,1,Marketing Specialist,Male,48,2018-06-10,Bachelors
261,Employee_261,9,Sales Executive,Male,52,2014-09-12,PhD
262,Employee_262,6,UI/UX Designer,Female,57,2016-02-22,Bachelors
263,Employee_263,10,HR Manager,Female,30,2014-10-27,Bachelors
264,Employee_264,1,Sales Executive,Female,29,2020-12-21,Masters
265,Employee_265,1,Data Scientist,Other,44,2014-12-02,PhD
266,Employee_266,8,Marketing Specialist,Other,56,2017-04-29,Bachelors
267,Employee_267,6,Marketing Specialist,Female,49,2018-11-11,PhD
268,Employee_268,8,Product Manager,Other,49,2010-02-13,Bachelors
269,Employee_269,8,Sales Executive,Other,43,2011-05-04,Masters
270,Employee_270,8,DevOps Engineer,Female,47,2021-09-16,Bachelors
271,Employee_271,10,Business Analyst,Male,51,2018-08-15,PhD
272,Employee_272,7,Business Analyst,Other,27,2022-12-07,PhD
273,Employee_273,7,Product Manager,Other,24,2012-08-14,Masters
274,Employee_274,10,Software Engineer,Male,34,2015-10-16,Bachelors
275,Employee_275,4,Business Analyst,Male,30,2013-01-20,Masters
276,Employee_276,9,Accountant,Male,54,2014-11-17,PhD
277,Employee_277,2,Data Scientist,Female,46,2017-09-27,Masters
278,Employee_278,9,Marketing Specialist,Male,43,2011-10-13,Bachelors
279,Employee_279,10,Legal Advisor,Female,29,2015-02-20,Bachelors
280,Employee_280,3,Support Specialist,Male,57,2010-12-07,Masters
281,Employee_281,2,Accountant,Male,28,2018-01-29,PhD
282,Employee_282,4,Software Engineer,Female,34,2019-03-30,PhD
283,Employee_283,5,Network Administrator,Female,27,2016-09-11,Masters
284,Employee_284,2,Data Scientist,Male,27,2017-07-13,Bachelors
285,Employee_285,1,Business Analyst,Male,29,2015-11-15,Bachelors
286,Employee_286,10,Recruiter,Male,23,2013-09-16,Bachelors
287,Employee_287,5,HR Manager,Other,34,2018-12-21,Bachelors
288,Employee_288,9,Legal Advisor,Male,37,2011-03-25,PhD
289,Employee_289,5,Marketing Specialist,Female,42,2021-06-04,Bachelors
290,Employee_290,10,UI/UX Designer,Other,46,2022-09-19,Masters
291,Employee_291,9,Network Administrator,Female,48,2012-03-08,Masters
292,Employee_292,10,HR Manager,Other,34,2019-07-29,Masters
293,Employee_293,6,Sales Executive,Other,29,2015-12-23,Masters
294,Employee_294,3,Sales Executive,Female,46,2019-02-09,Bachelors
295,Employee_295,4,Data Scientist,Other,22,2011-10-08,PhD
296,Employee_296,4,UI/UX Designer,Female,31,2011-12-21,Bachelors
297,Employee_297,1,Data Scientist,Male,37,2014-03-03,PhD
298,Employee_298,3,Data Scientist,Other,54,2012-12-05,Bachelors
299,Employee_299,3,UI/UX Designer,Female,39,2022-12-27,PhD
300,Employee_300,1,Accountant,Other,59,2022-10-19,Masters
301,Employee_301,9,Accountant,Female,38,2018-06-03,Masters
302,Employee_302,1,Sales Executive,Male,33,2020-06-04,PhD
303,Employee_303,9,Data Scientist,Male,25,2019-03-16,PhD
304,Employee_304,1,Legal Advisor,Other,43,2015-11-27,PhD
305,Employee_305,2,Software Engineer,Other,44,2022-06-22,Masters
306,Employee_306,2,DevOps Engineer,Female,49,2016-05-02,Masters
307,Employee_307,6,Data Scientist,Female,28,2019-08-07,Bachelors
308,Employee_308,7,Marketing Specialist,Other,46,2021-05-02,PhD
309,Employee_309,1,Legal Advisor,Female,35,2011-09-25,PhD
310,Employee_310,3,UI/UX Designer,Female,21,2016-01-09,PhD
311,Employee_311,2,Marketing Specialist,Female,48,2018-05-22,Masters
312,Employee_312,8,Recruiter,Other,34,2017-12-20,PhD
313,Employee_313,9,Product Manager,Male,54,2011-09-15,PhD
314,Employee_314,2,UI/UX Designer,Male,51,2010-12-27,Masters
315,Employee_315,2,Sales Executive,Female,26,2016-06-25,PhD
316,Employee_316,10,Data Scientist,Other,25,2010-07-29,Bachelors
317,Employee_317,9,Business Analyst,Female,51,2019-06-30,Masters
318,Employee_318,4,Support Specialist,Male,57,2012-07-19,Masters
319,Employee_319,5,HR Manager,Female,35,2022-07-21,Masters
320,Employee_320,9,Product Manager,Male,35,2020-10-18,Bachelors
321,Employee_321,6,Data Scientist,Other,25,2022-11-10,Masters
322,Employee_322,10,Software Engineer,Female,48,2012-05-27,Masters
323,Employee_323,9,Recruiter,Other,53,2016-11-04,Masters
324,Employee_324,9,Data Scientist,Female,31,2016-11-28,Masters
325,Employee_325,7,DevOps Engineer,Female,26,2021-11-30,Bachelors
326,Employee_326,10,HR Manager,Female,43,2011-01-27,PhD
327,Employee_327,9,HR Manager,Female,22,2020-09-07,PhD
328,Employee_328,5,Accountant,Female,35,2016-05-10,Masters
329,Employee_329,5,UI/UX Designer,Other,43,2020-11-25,Bachelors
330,Employee_330,8,Software Engineer,Other,42,2010-05-19,Masters
331,Employee_331,10,Software Engineer,Male,29,2010-04-13,PhD
332,Employee_332,4,Legal Advisor,Female,50,2011-04-29,PhD
333,Employee_333,9,Business Analyst,Male,36,2021-10-29,Bachelors
334,Employee_334,7,Software Engineer,Other,50,2021-02-25,PhD
335,Employee_335,7,DevOps Engineer,Male,29,2015-01-23,Masters
336,Employee_336,3,Recruiter,Other,21,2015-02-28,Bachelors
337,Employee_337,4,Business Analyst,Female,58,2018-10-11,PhD
338,Employee_338,7,Accountant,Male,28,2015-12-02,Masters
339,Employee_339,5,UI/UX Designer,Male,38,2014-01-04,Bachelors
340,Employee_340,3,Software Engineer,Male,47,2011-10-06,Masters
341,Employee_341,1,UI/UX Designer,Male,38,2019-05-30,PhD
342,Employee_342,7,Accountant,Female,52,2022-06-20,Masters
343,Employee_343,6,Support Specialist,Other,52,2011-09-03,Bachelors
344,Employee_344,10,UI/UX Designer,Other,56,2021-10-12,Masters
345,Employee_345,7,HR Manager,Female,56,2014-03-24,PhD
346,Employee_346,2,Data Scientist,Other,41,2019-09-10,Bachelors
347,Employee_347,4,Software Engineer,Male,52,2014-01-06,Bachelors
348,Employee_348,2,DevOps Engineer,Female,51,2012-07-05,PhD
349,Employee_349,8,HR Manager,Other,57,2013-03-27,Masters
350,Employee_350,7,Data Scientist,Female,36,2015-11-17,Masters
351,Employee_351,1,Data Scientist,Female,34,2016-03-22,PhD
352,Employee_352,2,HR Manager,Other,44,2012-05-01,Bachelors
353,Employee_353,2,Product Manager,Other,45,2022-06-03,PhD
354,Employee_354,4,Product Manager,Female,55,2011-12-21,Bachelors
355,Employee_355,3,Marketing Specialist,Female,37,2022-10-25,Bachelors
356,Employee_356,1,Product Manager,Other,24,2015-07-08,Masters
357,Employee_357,2,Product Manager,Female,31,2019-07-05,PhD
358,Employee_358,9,Business Analyst,Other,35,2019-12-22,Bachelors
359,Employee_359,1,Marketing Specialist,Female,50,2020-08-06,Masters
360,Employee_360,9,Sales Executive,Female,44,2010-03-05,PhD
361,Employee_361,7,Product Manager,Female,22,2011-07-14,PhD
362,Employee_362,2,DevOps Engineer,Other,54,2014-09-30,Bachelors
363,Employee_363,2,Network Administrator,Male,43,2011-11-01,Bachelors
364,Employee_364,5,Data Scientist,Other,51,2020-08-30,Bachelors
365,Employee_365,5,Legal Advisor,Female,57,2014-03-23,PhD
366,Employee_366,4,Business Analyst,Male,33,2013-06-25,Bachelors
367,Employee_367,10,UI/UX Designer,Male,53,2016-08-12,PhD
368,Employee_368,10,Data Scientist,Female,27,2017-08-23,Masters
369,Employee_369,3,Recruiter,Other,52,2022-11-27,PhD
370,Employee_370,4,Legal Advisor,Male,27,2018-05-13,Bachelors
371,Employee_371,10,Support Specialist,Male,58,2016-09-24,PhD
372,Employee_372,4,DevOps Engineer,Other,33,2018-05-24,Bachelors
373,Employee_373,2,Sales Executive,Other,44,2013-03-09,Masters
374,Employee_374,5,Sales Executive,Male,48,2022-06-26,Bachelors
375,Employee_375,5,Recruiter,Other,52,2017-07-12,Bachelors
376,Employee_376,5,HR Manager,Male,38,2015-05-03,Bachelors
377,Employee_377,10,Business Analyst,Female,54,2010-03-01,Bachelors
378,Employee_378,1,Accountant,Other,54,2018-06-30,Bachelors
379,Employee_379,6,Business Analyst,Male,58,2010-11-29,Bachelors
380,Employee_380,2,Legal Advisor,Other,21,2021-06-03,Masters
381,Employee_381,7,Marketing Specialist,Other,51,2010-07-09,Masters
382,Employee_382,4,Accountant,Male,21,2019-10-01,PhD
383,Employee_383,5,UI/UX Designer,Female,36,2010-10-23,Bachelors
384,Employee_384,5,Sales Executive,Male,59,2016-12-23,PhD
385,Employee_385,5,Sales Executive,Other,35,2010-06-26,Masters
386,Employee_386,2,HR Manager,Male,53,2012-03-10,Masters
387,Employee_387,5,Support Specialist,Other,43,2012-03-16,Bachelors
388,Employee_388,3,Network Administrator,Male,54,2014-10-09,Bachelors
389,Employee_389,4,Business Analyst,Female,37,2010-08-03,PhD
390,Employee_390,2,HR Manager,Female,45,2015-02-23,Masters
391,Employee_391,4,UI/UX Designer,Female,26,2017-05-24,PhD
392,Employee_392,9,Legal Advisor,Female,51,2011-08-20,PhD
393,Employee_393,8,Accountant,Male,25,2014-09-14,PhD
394,Employee_394,3,Recruiter,Female,50,2013-09-17,Bachelors
395,Employee_395,1,Product Manager,Male,25,2021-07-25,Masters
396,Employee_396,1,Data Scientist,Other,32,2013-07-16,PhD
397,Employee_397,6,Marketing Specialist,Other,27,2017-02-11,Masters
398,Employee_398,3,Legal Advisor,Other,33,2019-05-31,Masters
399,Employee_399,4,UI/UX Designer,Female,24,2022-11-28,PhD
400,Employee_400,1,Data Scientist,Female,23,2010-05-22,PhD
401,Employee_401,8,UI/UX Designer,Female,32,2018-10-22,Bachelors
402,Employee_402,1,Business Analyst,Other,21,2017-10-10,Masters
403,Employee_403,5,Recruiter,Other,47,2021-11-19,PhD
404,Employee_404,6,Sales Executive,Other,33,2019-08-15,PhD
405,Employee_405,2,HR Manager,Other,37,2017-07-13,Masters
406,Employee_406,7,Accountant,Male,28,2014-09-11,PhD
407,Employee_407,7,HR Manager,Male,52,2013-02-09,Masters
408,Employee_408,1,Accountant,Female,40,2020-03-10,PhD
409,Employee_409,4,Network Administrator,Female,37,2015-03-25,Masters
410,Employee_410,4,Network Administrator,Other,54,2016-02-26,PhD
411,Employee_411,5,UI/UX Designer,Male,55,2022-05-14,PhD
412,Employee_412,1,Product Manager,Male,55,2021-03-26,Bachelors
413,Employee_413,1,HR Manager,Female,58,2014-03-29,Masters
414,Employee_414,7,DevOps Engineer,Male,44,2017-03-24,Bachelors
415,Employee_415,9,Accountant,Female,38,2022-05-09,PhD
416,Employee_416,1,Accountant,Other,59,2017-10-02,Masters
417,Employee_417,2,Support Specialist,Other,53,2012-10-03,Masters
418,Employee_418,6,Data Scientist,Female,43,2018-10-27,PhD
419,Employee_419,6,Support Specialist,Other,45,2018-05-21,PhD
420,Employee_420,2,HR Manager,Other,57,2022-05-21,PhD
421,Employee_421,9,Support Specialist,Male,47,2018-05-11,PhD
422,Employee_422,4,Software Engineer,Male,21,2022-02-16,Masters
423,Employee_423,7,Product Manager,Male,41,2016-05-08,Bachelors
424,Employee_424,6,DevOps Engineer,Male,30,2019-09-10,Masters
425,Employee_425,3,Business Analyst,Male,51,2016-06-24,Masters
426,Employee_426,8,DevOps Engineer,Female,45,2011-06-11,Masters
427,Employee_427,7,Sales Executive,Female,40,2017-09-08,Masters
428,Employee_428,9,Network Administrator,Male,22,2013-04-10,PhD
429,Employee_429,3,Software Engineer,Other,35,2014-10-20,Bachelors
430,Employee_430,1,Network Administrator,Other,48,2014-07-31,Masters
431,Employee_431,2,Recruiter,Female,33,2015-07-22,Masters
432,Employee_432,1,Network Administrator,Female,34,2014-07-13,Bachelors
433,Employee_433,5,Legal Advisor,Female,22,2022-06-16,PhD
434,Employee_434,10,Network Administrator,Other,54,2021-01-24,Masters
435,Employee_435,2,Data Scientist,Female,55,2012-04-27,PhD
436,Employee_436,3,Software Engineer,Other,57,2012-05-17,Masters
437,Employee_437,8,Recruiter,Female,45,2012-02-13,Masters
438,Employee_438,10,Accountant,Other,35,2011-06-27,Bachelors
439,Employee_439,5,UI/UX Designer,Female,32,2022-02-04,Bachelors
440,Employee_440,4,Accountant,Female,29,2012-02-25,PhD
441,Employee_441,5,Recruiter,Other,51,2019-01-19,Masters
442,Employee_442,10,Marketing Specialist,Female,34,2022-09-10,PhD
443,Employee_443,6,Support Specialist,Male,49,2017-11-23,Bachelors
444,Employee_444,7,DevOps Engineer,Other,58,2011-03-25,Bachelors
445,Employee_445,9,Product Manager,Female,28,2019-01-24,Bachelors
446,Employee_446,1,Product Manager,Other,23,2022-07-22,Bachelors
447,Employee_447,4,HR Manager,Female,22,2015-03-21,Bachelors
448,Employee_448,9,Marketing Specialist,Male,36,2022-06-26,PhD
449,Employee_449,5,Software Engineer,Female,39,2022-01-27,PhD
450,Employee_450,8,Network Administrator,Female,50,2018-11-26,Bachelors
451,Employee_451,1,Accountant,Male,36,2011-01-20,Masters
452,Employee_452,4,Data Scientist,Other,51,2010-10-22,Masters
453,Employee_453,9,Marketing Specialist,Female,48,2013-05-23,Masters
454,Employee_454,1,DevOps Engineer,Female,24,2017-09-17,Masters
455,Employee_455,1,Network Administrator,Male,30,2013-01-03,Masters
456,Employee_456,4,Sales Executive,Other,38,2014-10-04,Bachelors
457,Employee_457,3,HR Manager,Other,52,2015-12-30,PhD
458,Employee_458,7,Recruiter,Male,50,2017-07-28,Bachelors
459,Employee_459,3,Network Administrator,Male,56,2013-05-07,Masters
460,Employee_460,1,HR Manager,Female,29,2018-11-17,Masters
461,Employee_461,10,HR Manager,Male,56,2020-09-04,PhD
462,Employee_462,2,Accountant,Male,49,2021-11-02,Bachelors
463,Employee_463,10,Accountant,Male,36,2011-02-15,PhD
464,Employee_464,4,Software Engineer,Other,48,2018-03-19,Masters
465,Employee_465,1,Sales Executive,Male,41,2018-01-24,Masters
466,Employee_466,1,Support Specialist,Female,22,2012-05-27,PhD
467,Employee_467,8,Recruiter,Female,55,2012-02-26,Masters
468,Employee_468,7,HR Manager,Female,48,2015-10-11,Bachelors
469,Employee_469,8,Software Engineer,Male,56,2015-06-10,Masters
470,Employee_470,4,Legal Advisor,Other,51,2012-05-28,Masters
471,Employee_471,6,Marketing Specialist,Male,53,2014-05-27,Bachelors
472,Employee_472,3,Product Manager,Male,43,2016-07-31,Masters
473,Employee_473,8,Business Analyst,Female,37,2010-03-12,PhD
474,Employee_474,4,HR Manager,Male,21,2016-04-29,PhD
475,Employee_475,3,Software Engineer,Other,43,2022-01-19,Masters
476,Employee_476,4,Sales Executive,Female,47,2019-01-09,Bachelors
477,Employee_477,6,Accountant,Other,45,2012-02-01,Bachelors
478,Employee_478,7,Support Specialist,Other,52,2022-10-28,PhD
479,Employee_479,7,HR Manager,Other,39,2015-10-23,Masters
480,Employee_480,4,HR Manager,Male,44,2019-10-23,Bachelors
481,Employee_481,8,Network Administrator,Male,23,2021-06-29,Bachelors
482,Employee_482,7,Sales Executive,Male,32,2014-06-18,PhD
483,Employee_483,2,Recruiter,Male,55,2021-09-28,PhD
484,Employee_484,8,Accountant,Female,35,2012-12-21,Bachelors
485,Employee_485,9,HR Manager,Male,37,2016-09-23,PhD
486,Employee_486,5,Marketing Specialist,Female,52,2022-01-13,Bachelors
487,Employee_487,4,Accountant,Other,27,2018-12-11,Masters
488,Employee_488,4,Marketing Specialist,Female,39,2011-03-30,PhD
489,Employee_489,4,Business Analyst,Male,27,2017-03-06,PhD
490,Employee_490,6,Support Specialist,Female,25,2011-09-11,Masters
491,Employee_491,4,UI/UX Designer,Male,41,2011-09-29,Bachelors
492,Employee_492,7,UI/UX Designer,Male,27,2016-06-06,Bachelors
493,Employee_493,7,DevOps Engineer,Female,57,2018-04-25,PhD
494,Employee_494,5,DevOps Engineer,Female,43,2016-02-28,Bachelors
495,Employee_495,5,Support Specialist,Other,31,2017-06-14,Bachelors
496,Employee_496,10,Recruiter,Other,30,2016-06-07,Masters
497,Employee_497,8,UI/UX Designer,Other,41,2022-02-19,Masters
498,Employee_498,7,Business Analyst,Other,53,2015-06-18,Masters
499,Employee_499,7,HR Manager,Other,40,2017-09-21,PhD
500,Employee_500,6,Network Administrator,Female,53,2012-12-07,Masters
501,Employee_501,7,Recruiter,Other,55,2015-07-25,Masters
502,Employee_502,7,Support Specialist,Female,54,2013-06-03,Bachelors
503,Employee_503,10,DevOps Engineer,Other,56,2013-07-19,Masters
504,Employee_504,2,Product Manager,Male,47,2019-09-27,PhD
505,Employee_505,10,Network Administrator,Other,39,2010-11-24,Masters
506,Employee_506,2,Product Manager,Male,25,2012-03-07,PhD
507,Employee_507,10,Support Specialist,Female,49,2017-11-01,Bachelors
508,Employee_508,7,Software Engineer,Other,30,2017-08-25,Bachelors
509,Employee_509,10,Legal Advisor,Female,33,2018-06-22,Masters
510,Employee_510,7,Sales Executive,Other,49,2018-02-25,Bachelors
511,Employee_511,7,Software Engineer,Female,25,2012-08-20,Masters
512,Employee_512,5,Support Specialist,Other,32,2013-06-22,Bachelors
513,Employee_513,1,Business Analyst,Other,33,2011-01-08,PhD
514,Employee_514,2,Marketing Specialist,Male,42,2021-12-29,Bachelors
515,Employee_515,9,DevOps Engineer,Female,35,2017-01-12,Masters
516,Employee_516,8,Business Analyst,Female,33,2022-12-26,Masters
517,Employee_517,8,Recruiter,Female,21,2020-02-11,Masters
518,Employee_518,10,DevOps Engineer,Female,58,2014-05-24,PhD
519,Employee_519,1,Support Specialist,Female,21,2010-04-06,Bachelors
520,Employee_520,6,Recruiter,Male,31,2021-12-18,Masters
521,Employee_521,9,Business Analyst,Other,42,2020-10-16,PhD
522,Employee_522,8,HR Manager,Male,55,2013-04-15,PhD
523,Employee_523,3,Business Analyst,Female,26,2020-10-19,PhD
524,Employee_524,4,Recruiter,Female,48,2010-05-12,Bachelors
525,Employee_525,3,Recruiter,Other,51,2018-07-13,Bachelors
526,Employee_526,6,Accountant,Male,28,2013-10-22,Bachelors
527,Employee_527,9,Data Scientist,Other,25,2013-02-23,PhD
528,Employee_528,8,Network Administrator,Other,37,2019-08-12,Bachelors
529,Employee_529,10,Product Manager,Male,58,2019-12-27,Masters
530,Employee_530,4,Support Specialist,Other,29,2012-03-18,PhD
531,Employee_531,2,Software Engineer,Male,30,2010-02-20,Bachelors
532,Employee_532,8,DevOps Engineer,Male,40,2018-10-14,PhD
533,Employee_533,8,Business Analyst,Female,34,2010-02-25,PhD
534,Employee_534,6,Accountant,Other,34,2020-01-13,Bachelors
535,Employee_535,8,Product Manager,Female,46,2012-01-14,PhD
536,Employee_536,9,HR Manager,Other,49,2022-06-05,Bachelors
537,Employee_537,1,UI/UX Designer,Other,47,2017-11-16,Bachelors
538,Employee_538,9,Recruiter,Female,45,2010-03-21,Bachelors
539,Employee_539,2,Support Specialist,Female,36,2022-03-31,PhD
540,Employee_540,1,Business Analyst,Female,56,2020-10-15,PhD
541,Employee_541,8,Support Specialist,Male,54,2018-02-14,Bachelors
542,Employee_542,8,Recruiter,Other,36,2020-03-17,PhD
543,Employee_543,4,Marketing Specialist,Male,53,2022-06-03,Bachelors
544,Employee_544,8,Accountant,Other,23,2010-05-06,Masters
545,Employee_545,7,Business Analyst,Other,43,2010-08-07,PhD
546,Employee_546,2,Marketing Specialist,Male,31,2012-08-05,PhD
547,Employee_547,5,Product Manager,Male,38,2021-12-22,Masters
548,Employee_548,10,Legal Advisor,Other,49,2011-08-18,Masters
549,Employee_549,4,DevOps Engineer,Female,25,2010-05-21,Masters
550,Employee_550,3,Support Specialist,Female,44,2017-12-03,Bachelors
551,Employee_551,1,Product Manager,Female,49,2018-05-14,Bachelors
552,Employee_552,5,Accountant,Female,49,2014-06-19,Masters
553,Employee_553,10,Business Analyst,Other,46,2012-05-26,Bachelors
554,Employee_554,8,Product Manager,Female,23,2021-07-07,PhD
555,Employee_555,9,Business Analyst,Female,22,2017-04-14,Masters
556,Employee_556,7,Sales Executive,Female,45,2019-04-14,PhD
557,Employee_557,1,Product Manager,Other,39,2015-07-23,Bachelors
558,Employee_558,1,Accountant,Male,22,2016-12-27,Masters
559,Employee_559,1,Accountant,Female,39,2019-11-21,Bachelors
560,Employee_560,2,Product Manager,Other,21,2012-11-06,PhD
561,Employee_561,1,Recruiter,Other,47,2010-11-11,Bachelors
562,Employee_562,4,DevOps Engineer,Female,55,2019-06-22,PhD
563,Employee_563,10,Business Analyst,Male,25,2021-06-04,Bachelors
564,Employee_564,9,Network Administrator,Male,58,2018-04-14,PhD
565,Employee_565,4,Network Administrator,Male,24,2018-01-25,Bachelors
566,Employee_566,4,UI/UX Designer,Other,37,2018-11-11,Masters
567,Employee_567,7,Network Administrator,Female,41,2020-01-29,Masters
568,Employee_568,9,Support Specialist,Female,51,2018-07-04,Bachelors
569,Employee_569,7,Legal Advisor,Other,42,2014-03-18,PhD
570,Employee_570,1,Business Analyst,Female,31,2020-08-08,Bachelors
571,Employee_571,1,Product Manager,Female,54,2015-02-11,Masters
572,Employee_572,4,Product Manager,Male,35,2013-03-07,PhD
573,Employee_573,4,Business Analyst,Female,30,2020-09-25,Bachelors
574,Employee_574,1,Marketing Specialist,Female,58,2020-08-18,Bachelors
575,Employee_575,6,Product Manager,Other,52,2017-07-19,PhD
576,Employee_576,10,Sales Executive,Other,51,2015-03-28,Bachelors
577,Employee_577,2,Accountant,Male,57,2010-09-22,Masters
578,Employee_578,5,Recruiter,Other,48,2022-02-15,Masters
579,Employee_579,8,Sales Executive,Male,51,2013-07-26,PhD
580,Employee_580,3,UI/UX Designer,Male,26,2013-04-09,Bachelors
581,Employee_581,9,Marketing Specialist,Female,34,2014-03-07,Bachelors
582,Employee_582,7,Business Analyst,Male,43,2019-11-14,Masters
583,Employee_583,9,Software Engineer,Female,36,2022-01-12,PhD
584,Employee_584,1,Product Manager,Male,45,2016-02-27,PhD
585,Employee_585,5,Accountant,Other,59,2013-03-04,PhD
586,Employee_586,3,Legal Advisor,Other,22,2021-12-16,Masters
587,Employee_587,4,Network Administrator,Other,58,2022-09-05,Masters
588,Employee_588,4,Legal Advisor,Male,59,2019-08-15,PhD
589,Employee_589,7,DevOps Engineer,Male,54,2015-09-10,PhD
590,Employee_590,10,Business Analyst,Female,45,2013-02-18,Bachelors
591,Employee_591,8,Marketing Specialist,Female,56,2010-03-10,Bachelors
592,Employee_592,10,Product Manager,Female,36,2020-03-06,PhD
593,Employee_593,5,DevOps Engineer,Female,38,2018-03-28,Masters
594,Employee_594,10,DevOps Engineer,Male,33,2012-04-06,Masters
595,Employee_595,7,Support Specialist,Male,57,2013-03-15,Bachelors
596,Employee_596,3,Software Engineer,Female,47,2012-09-10,PhD
597,Employee_597,3,HR Manager,Male,54,2022-07-13,Masters
598,Employee_598,3,Network Administrator,Male,31,2020-11-21,Masters
599,Employee_599,4,Product Manager,Male,21,2019-02-17,Masters
600,Employee_600,6,Recruiter,Male,33,2016-05-29,Masters
601,Employee_601,5,Business Analyst,Female,50,2015-07-09,Bachelors
602,Employee_602,8,Data Scientist,Female,25,2013-12-23,Masters
603,Employee_603,5,Software Engineer,Male,38,2015-11-04,Masters
604,Employee_604,5,Software Engineer,Other,34,2012-11-05,PhD
605,Employee_605,10,UI/UX Designer,Female,33,2022-12-07,PhD
606,Employee_606,2,Support Specialist,Female,52,2021-07-15,Bachelors
607,Employee_607,5,Accountant,Other,27,2019-06-29,Bachelors
608,Employee_608,7,Support Specialist,Female,28,2018-04-15,Bachelors
609,Employee_609,2,Legal Advisor,Other,27,2021-08-28,Bachelors
610,Employee_610,6,Network Administrator,Other,36,2017-07-10,Masters
611,Employee_611,7,Business Analyst,Male,51,2021-09-02,PhD
612,Employee_612,5,Data Scientist,Female,47,2022-01-13,Masters
613,Employee_613,9,Network Administrator,Other,53,2019-07-28,Masters
614,Employee_614,4,Support Specialist,Male,49,2020-07-22,Masters
615,Employee_615,10,Support Specialist,Female,28,2011-07-16,PhD
616,Employee_616,1,Marketing Specialist,Male,53,2016-01-13,Bachelors
617,Employee_617,8,DevOps Engineer,Male,39,2019-05-13,Bachelors
618,Employee_618,8,Data Scientist,Other,41,2013-02-18,PhD
619,Employee_619,7,Sales Executive,Female,41,2017-05-23,PhD
620,Employee_620,8,Sales Executive,Male,45,2014-04-01,Bachelors
621,Employee_621,2,Software Engineer,Other,43,2021-01-04,Masters
622,Employee_622,3,Product Manager,Other,31,2011-07-15,Bachelors
623,Employee_623,9,Marketing Specialist,Male,53,2013-04-02,PhD
624,Employee_624,1,DevOps Engineer,Male,40,2018-07-31,Bachelors
625,Employee_625,8,Product Manager,Other,45,2019-05-05,Bachelors
626,Employee_626,8,Product Manager,Male,46,2014-08-17,Bachelors
627,Employee_627,7,DevOps Engineer,Male,32,2022-01-25,PhD
628,Employee_628,5,Sales Executive,Female,52,2016-08-20,PhD
629,Employee_629,4,Software Engineer,Other,53,2013-10-01,Bachelors
630,Employee_630,10,Legal Advisor,Male,30,2011-08-04,Bachelors
631,Employee_631,10,Business Analyst,Other,24,2012-09-03,Masters
632,Employee_632,10,Software Engineer,Female,35,2021-09-12,Masters
633,Employee_633,10,Business Analyst,Other,26,2022-08-15,Bachelors
634,Employee_634,6,Marketing Specialist,Other,47,2016-06-14,PhD
635,Employee_635,1,UI/UX Designer,Other,25,2010-04-29,Masters
636,Employee_636,5,Accountant,Female,25,2014-03-23,Bachelors
637,Employee_637,4,Network Administrator,Female,38,2018-05-02,Masters
638,Employee_638,4,Software Engineer,Other,48,2012-08-30,Masters
639,Employee_639,7,Software Engineer,Other,55,2012-07-04,Masters
640,Employee_640,9,Business Analyst,Female,42,2013-12-08,PhD
641,Employee_641,8,Sales Executive,Male,54,2011-08-10,Bachelors
642,Employee_642,8,Support Specialist,Female,24,2010-12-17,PhD
643,Employee_643,5,Sales Executive,Other,38,2022-07-28,PhD
644,Employee_644,6,Software Engineer,Male,46,2017-01-06,Masters
645,Employee_645,2,Sales Executive,Male,42,2015-02-14,Bachelors
646,Employee_646,3,Product Manager,Male,53,2010-09-30,Masters
647,Employee_647,5,DevOps Engineer,Female,34,2018-01-06,PhD
648,Employee_648,2,Product Manager,Female,51,2021-12-07,PhD
649,Employee_649,3,Sales Executive,Female,30,2019-06-02,Bachelors
650,Employee_650,4,Software Engineer,Female,44,2018-04-30,PhD
651,Employee_651,6,Legal Advisor,Other,41,2020-10-23,PhD
652,Employee_652,5,Product Manager,Male,28,2014-10-31,Bachelors
653,Employee_653,10,Legal Advisor,Other,52,2021-09-30,Masters
654,Employee_654,4,HR Manager,Female,51,2014-11-06,Bachelors
655,Employee_655,2,Legal Advisor,Female,54,2014-03-03,PhD
656,Employee_656,5,HR Manager,Other,43,2012-04-11,Bachelors
657,Employee_657,5,Marketing Specialist,Male,45,2011-07-16,Masters
658,Employee_658,7,Recruiter,Male,27,2019-09-11,PhD
659,Employee_659,1,Network Administrator,Female,39,2021-04-29,Masters
660,Employee_660,4,Recruiter,Female,27,2014-01-19,Masters
661,Employee_661,5,Sales Executive,Female,28,2022-03-25,Bachelors
662,Employee_662,8,UI/UX Designer,Female,34,2013-04-20,Masters
663,Employee_663,8,Data Scientist,Male,21,2011-10-19,Bachelors
664,Employee_664,1,Sales Executive,Other,33,2020-10-15,Bachelors
665,Employee_665,5,Software Engineer,Male,23,2011-08-13,Masters
666,Employee_666,10,Software Engineer,Other,48,2021-11-05,Bachelors
667,Employee_667,1,Network Administrator,Female,58,2013-10-03,Bachelors
668,Employee_668,1,Accountant,Female,35,2022-07-11,Masters
669,Employee_669,2,Accountant,Other,56,2020-04-09,PhD
670,Employee_670,2,Accountant,Female,23,2020-04-17,Bachelors
671,Employee_671,9,Legal Advisor,Male,24,2015-10-02,Bachelors
672,Employee_672,4,Marketing Specialist,Female,25,2015-02-28,Masters
673,Employee_673,3,Sales Executive,Female,46,2012-01-18,Bachelors
674,Employee_674,1,Software Engineer,Female,45,2011-04-09,Masters
675,Employee_675,2,Data Scientist,Female,30,2012-01-24,PhD
676,Employee_676,6,Data Scientist,Male,28,2011-08-06,PhD
677,Employee_677,9,Data Scientist,Other,32,2016-01-15,Masters
678,Employee_678,5,Accountant,Female,23,2021-04-07,PhD
679,Employee_679,4,Support Specialist,Female,47,2021-05-13,Masters
680,Employee_680,5,Network Administrator,Male,43,2021-01-10,Bachelors
681,Employee_681,9,Accountant,Male,53,2019-03-08,PhD
682,Employee_682,7,DevOps Engineer,Male,34,2017-09-09,Bachelors
683,Employee_683,8,DevOps Engineer,Female,43,2019-11-13,Bachelors
684,Employee_684,4,Software Engineer,Other,51,2020-09-18,Masters
685,Employee_685,8,Sales Executive,Male,33,2013-11-20,PhD
686,Employee_686,6,Support Specialist,Male,32,2015-12-08,PhD
687,Employee_687,5,Sales Executive,Male,55,2015-11-15,Bachelors
688,Employee_688,7,Network Administrator,Other,38,2015-12-08,Bachelors
689,Employee_689,6,Marketing Specialist,Female,41,2014-04-10,Masters
690,Employee_690,3,UI/UX Designer,Female,21,2013-03-22,PhD
691,Employee_691,5,Legal Advisor,Female,58,2013-06-22,Masters
692,Employee_692,9,Data Scientist,Male,29,2019-10-28,Masters
693,Employee_693,7,Product Manager,Female,43,2013-03-12,Masters
694,Employee_694,4,Sales Executive,Male,34,2019-10-16,PhD
695,Employee_695,7,Network Administrator,Other,31,2017-10-12,Masters
696,Employee_696,5,Data Scientist,Other,27,2015-02-14,PhD
697,Employee_697,2,Accountant,Female,51,2020-10-04,Masters
698,Employee_698,6,Business Analyst,Male,44,2016-03-17,Bachelors
699,Employee_699,7,Recruiter,Male,46,2017-11-26,Masters
700,Employee_700,8,Sales Executive,Female,50,2010-06-09,Masters
701,Employee_701,6,Marketing Specialist,Other,54,2017-04-12,PhD
702,Employee_702,8,UI/UX Designer,Other,58,2020-04-21,Bachelors
703,Employee_703,7,UI/UX Designer,Other,25,2022-12-18,Bachelors
704,Employee_704,2,Network Administrator,Other,25,2012-11-21,PhD
705,Employee_705,6,Legal Advisor,Other,39,2010-11-30,PhD
706,Employee_706,9,Marketing Specialist,Female,58,2019-11-06,Bachelors
707,Employee_707,6,Accountant,Female,48,2012-06-10,PhD
708,Employee_708,4,Sales Executive,Female,46,2018-03-07,Bachelors
709,Employee_709,7,Software Engineer,Other,43,2022-03-06,Masters
710,Employee_710,3,Accountant,Other,50,2013-09-24,Masters
711,Employee_711,5,Legal Advisor,Female,23,2012-07-14,Bachelors
712,Employee_712,1,Accountant,Female,48,2016-09-09,Bachelors
713,Employee_713,10,Network Administrator,Other,53,2017-01-21,Masters
714,Employee_714,3,Marketing Specialist,Male,23,2020-11-24,Masters
715,Employee_715,8,Network Administrator,Female,25,2016-08-02,Bachelors
716,Employee_716,9,Data Scientist,Other,39,2013-11-20,PhD
717,Employee_717,9,Business Analyst,Other,21,2017-11-15,PhD
718,Employee_718,10,Marketing Specialist,Female,58,2010-03-01,Bachelors
719,Employee_719,2,Business Analyst,Male,29,2016-11-29,PhD
720,Employee_720,4,Network Administrator,Other,25,2020-05-25,Masters
721,Employee_721,5,Software Engineer,Female,54,2017-04-13,Masters
722,Employee_722,3,Sales Executive,Other,57,2021-03-20,PhD
723,Employee_723,1,Legal Advisor,Other,53,2014-04-28,Bachelors
724,Employee_724,6,DevOps Engineer,Other,45,2022-01-24,Masters
725,Employee_725,10,Product Manager,Other,49,2018-07-03,Masters
726,Employee_726,2,Accountant,Male,45,2011-12-09,Masters
727,Employee_727,9,Accountant,Female,29,2014-11-16,PhD
728,Employee_728,1,DevOps Engineer,Female,23,2016-08-10,Bachelors
729,Employee_729,9,UI/UX Designer,Female,35,2019-04-30,PhD
730,Employee_730,7,Business Analyst,Female,24,2015-12-02,Bachelors
731,Employee_731,10,Support Specialist,Female,58,2019-09-10,Bachelors
732,Employee_732,2,Legal Advisor,Male,40,2011-09-01,PhD
733,Employee_733,6,Marketing Specialist,Other,43,2010-11-05,Masters
734,Employee_734,8,Product Manager,Other,57,2021-10-17,Bachelors
735,Employee_735,2,Sales Executive,Female,28,2016-06-22,PhD
736,Employee_736,5,Recruiter,Other,57,2010-07-04,Masters
737,Employee_737,6,Business Analyst,Other,53,2010-09-03,Bachelors
738,Employee_738,3,Marketing Specialist,Other,53,2010-08-27,Bachelors
739,Employee_739,2,Marketing Specialist,Female,27,2011-06-04,Masters
740,Employee_740,6,Legal Advisor,Female,42,2020-09-12,Bachelors
741,Employee_741,3,Legal Advisor,Male,25,2010-10-04,PhD
742,Employee_742,2,HR Manager,Female,35,2021-01-11,Bachelors
743,Employee_743,1,Accountant,Male,41,2021-10-19,Bachelors
744,Employee_744,8,Sales Executive,Female,45,2011-08-29,Masters
745,Employee_745,1,Product Manager,Other,37,2022-07-10,PhD
746,Employee_746,5,Support Specialist,Male,27,2022-08-09,Masters
747,Employee_747,6,Data Scientist,Male,39,2021-02-05,PhD
748,Employee_748,3,Product Manager,Male,27,2017-06-05,Masters
749,Employee_749,7,Business Analyst,Female,44,2010-05-22,Bachelors
750,Employee_750,2,Sales Executive,Male,31,2020-01-10,PhD
751,Employee_751,7,HR Manager,Female,21,2016-06-27,PhD
752,Employee_752,2,HR Manager,Male,52,2014-09-14,Bachelors
753,Employee_753,5,Product Manager,Female,22,2022-06-23,Masters
754,Employee_754,7,Sales Executive,Male,35,2019-05-21,PhD
755,Employee_755,3,Legal Advisor,Other,41,2016-05-13,Bachelors
756,Employee_756,4,UI/UX Designer,Other,44,2015-01-19,Bachelors
757,Employee_757,1,Marketing Specialist,Male,37,2011-02-04,PhD
758,Employee_758,3,Recruiter,Female,29,2017-01-07,PhD
759,Employee_759,9,Sales Executive,Female,55,2014-03-03,PhD
760,Employee_760,10,Business Analyst,Female,40,2013-08-27,Bachelors
761,Employee_761,5,Data Scientist,Other,39,2017-03-08,Masters
762,Employee_762,8,Accountant,Other,38,2010-08-27,Masters
763,Employee_763,2,HR Manager,Other,40,2018-10-21,PhD
764,Employee_764,3,Software Engineer,Female,50,2019-12-27,Bachelors
765,Employee_765,7,UI/UX Designer,Female,21,2014-06-05,Bachelors
766,Employee_766,10,Software Engineer,Female,44,2016-08-26,PhD
767,Employee_767,4,Marketing Specialist,Male,44,2020-01-01,Bachelors
768,Employee_768,9,Product Manager,Male,39,2014-09-18,Bachelors
769,Employee_769,7,Legal Advisor,Male,50,2013-06-26,Bachelors
770,Employee_770,1,Accountant,Other,46,2018-08-06,PhD
771,Employee_771,4,HR Manager,Other,58,2017-11-18,PhD
772,Employee_772,10,Software Engineer,Female,49,2014-03-16,PhD
773,Employee_773,6,Software Engineer,Male,33,2011-06-20,Masters
774,Employee_774,6,Support Specialist,Female,24,2012-08-06,Masters
775,Employee_775,10,Recruiter,Male,37,2017-03-27,PhD
776,Employee_776,6,Sales Executive,Male,53,2020-10-16,Bachelors
777,Employee_777,5,Product Manager,Female,25,2012-10-18,Bachelors
778,Employee_778,3,DevOps Engineer,Female,48,2011-03-10,PhD
779,Employee_779,2,Product Manager,Male,44,2013-11-04,Bachelors
780,Employee_780,3,Network Administrator,Male,37,2019-08-13,Bachelors
781,Employee_781,9,Accountant,Other,59,2018-01-14,Masters
782,Employee_782,3,Network Administrator,Female,31,2021-09-04,Bachelors
783,Employee_783,3,Product Manager,Female,32,2019-02-16,Bachelors
784,Employee_784,1,DevOps Engineer,Female,33,2014-05-22,PhD
785,Employee_785,2,Data Scientist,Female,28,2010-08-17,Masters
786,Employee_786,3,Product Manager,Male,21,2022-05-20,Masters
787,Employee_787,2,Legal Advisor,Other,29,2021-07-19,Bachelors
788,Employee_788,8,Sales Executive,Female,48,2016-01-06,PhD
789,Employee_789,6,Data Scientist,Male,22,2017-12-09,Masters
790,Employee_790,7,Business Analyst,Male,34,2010-04-21,Masters
791,Employee_791,1,HR Manager,Male,33,2013-05-29,Bachelors
792,Employee_792,6,Network Administrator,Male,22,2021-05-22,Masters
793,Employee_793,2,Marketing Specialist,Male,24,2017-05-09,PhD
794,Employee_794,6,Business Analyst,Female,32,2020-05-29,PhD
795,Employee_795,3,Accountant,Female,30,2020-08-03,Masters
796,Employee_796,7,Support Specialist,Other,23,2013-10-09,PhD
797,Employee_797,3,HR Manager,Female,24,2014-11-07,PhD
798,Employee_798,9,UI/UX Designer,Male,26,2010-01-13,Bachelors
799,Employee_799,3,Software Engineer,Other,43,2021-11-13,Masters
800,Employee_800,7,Network Administrator,Male,25,2018-12-06,Masters
801,Employee_801,4,Sales Executive,Male,23,2011-10-25,Bachelors
802,Employee_802,8,Support Specialist,Female,30,2018-06-20,Bachelors
803,Employee_803,2,Sales Executive,Male,39,2011-11-25,Bachelors
804,Employee_804,8,Business Analyst,Female,34,2019-04-14,Bachelors
805,Employee_805,9,Business Analyst,Male,41,2013-03-27,PhD
806,Employee_806,8,Legal Advisor,Other,48,2018-04-07,PhD
807,Employee_807,6,Support Specialist,Male,41,2014-02-13,Bachelors
808,Employee_808,10,Product Manager,Female,56,2015-03-18,Masters
809,Employee_809,1,Software Engineer,Male,44,2021-06-03,Masters
810,Employee_810,7,Recruiter,Female,58,2010-11-25,Masters
811,Employee_811,1,Product Manager,Female,37,2013-12-10,Bachelors
812,Employee_812,7,Network Administrator,Other,42,2020-07-13,PhD
813,Employee_813,2,Data Scientist,Female,39,2021-05-30,PhD
814,Employee_814,8,Accountant,Other,30,2010-08-13,PhD
815,Employee_815,2,Network Administrator,Other,31,2016-11-25,PhD
816,Employee_816,3,DevOps Engineer,Male,58,2020-03-03,Masters
817,Employee_817,3,Network Administrator,Other,22,2016-08-04,Masters
818,Employee_818,1,DevOps Engineer,Female,53,2012-03-21,PhD
819,Employee_819,5,Support Specialist,Female,51,2018-07-15,Bachelors
820,Employee_820,5,UI/UX Designer,Other,55,2019-01-04,PhD
821,Employee_821,10,UI/UX Designer,Male,57,2022-01-04,PhD
822,Employee_822,5,Software Engineer,Other,56,2016-03-01,Bachelors
823,Employee_823,9,Network Administrator,Other,43,2022-10-06,PhD
824,Employee_824,6,UI/UX Designer,Female,56,2016-12-04,Masters
825,Employee_825,6,Legal Advisor,Male,59,2022-08-12,Bachelors
826,Employee_826,3,Network Administrator,Male,46,2012-07-12,Bachelors
827,Employee_827,5,UI/UX Designer,Male,45,2018-05-11,PhD
828,Employee_828,10,Marketing Specialist,Male,37,2010-01-16,Masters
829,Employee_829,7,Marketing Specialist,Female,35,2019-11-06,Masters
830,Employee_830,3,HR Manager,Male,57,2016-07-31,Masters
831,Employee_831,2,Accountant,Male,24,2022-03-10,PhD
832,Employee_832,5,Marketing Specialist,Male,42,2020-12-24,PhD
833,Employee_833,3,Support Specialist,Female,37,2017-03-31,Masters
834,Employee_834,5,Product Manager,Female,42,2013-01-06,PhD
835,Employee_835,9,Accountant,Male,37,2018-02-23,Masters
836,Employee_836,10,Sales Executive,Female,34,2012-12-26,PhD
837,Employee_837,1,Legal Advisor,Other,34,2017-12-16,Bachelors
838,Employee_838,4,UI/UX Designer,Male,37,2014-10-13,Bachelors
839,Employee_839,10,Software Engineer,Female,28,2021-10-19,PhD
840,Employee_840,5,Software Engineer,Male,54,2014-09-17,PhD
841,Employee_841,2,Marketing Specialist,Male,46,2011-03-25,Masters
842,Employee_842,2,DevOps Engineer,Female,50,2018-04-01,Bachelors
843,Employee_843,1,Legal Advisor,Other,42,2019-08-06,Masters
844,Employee_844,8,Sales Executive,Male,36,2014-04-18,PhD
845,Employee_845,2,Data Scientist,Other,50,2018-09-22,Masters
846,Employee_846,3,Legal Advisor,Female,36,2019-07-24,Masters
847,Employee_847,2,Support Specialist,Male,58,2016-12-21,PhD
848,Employee_848,4,HR Manager,Female,44,2022-04-03,Bachelors
849,Employee_849,1,Software Engineer,Female,56,2012-11-13,Masters
850,Employee_850,3,Support Specialist,Female,55,2022-09-09,PhD
851,Employee_851,5,DevOps Engineer,Female,26,2022-09-05,Masters
852,Employee_852,10,HR Manager,Male,24,2012-11-30,PhD
853,Employee_853,1,Software Engineer,Other,38,2020-06-18,PhD
854,Employee_854,4,Sales Executive,Other,26,2011-07-22,PhD
855,Employee_855,6,DevOps Engineer,Male,46,2013-12-07,Bachelors
856,Employee_856,4,DevOps Engineer,Male,57,2022-05-08,Bachelors
857,Employee_857,7,UI/UX Designer,Other,47,2022-06-11,PhD
858,Employee_858,7,Support Specialist,Other,31,2022-11-19,Bachelors
859,Employee_859,6,Network Administrator,Male,58,2017-05-29,Masters
860,Employee_860,9,Support Specialist,Female,36,2016-10-19,Bachelors
861,Employee_861,2,Recruiter,Male,39,2020-05-07,Bachelors
862,Employee_862,10,Legal Advisor,Other,35,2017-08-26,Masters
863,Employee_863,8,Product Manager,Female,46,2015-02-04,Masters
864,Employee_864,8,Legal Advisor,Other,51,2019-02-19,Masters
865,Employee_865,10,Network Administrator,Female,39,2015-03-06,PhD
866,Employee_866,4,Data Scientist,Other,44,2021-10-01,Masters
867,Employee_867,6,DevOps Engineer,Female,29,2013-01-02,Masters
868,Employee_868,6,Software Engineer,Male,43,2014-06-27,Masters
869,Employee_869,5,Product Manager,Male,24,2014-07-17,PhD
870,Employee_870,1,Data Scientist,Female,30,2013-01-30,Bachelors
871,Employee_871,3,UI/UX Designer,Female,29,2010-09-21,PhD
872,Employee_872,7,Legal Advisor,Male,39,2018-03-12,Bachelors
873,Employee_873,8,UI/UX Designer,Male,35,2010-06-10,Masters
874,Employee_874,2,Marketing Specialist,Female,54,2013-06-10,PhD
875,Employee_875,3,Product Manager,Female,39,2010-11-07,PhD
876,Employee_876,4,Marketing Specialist,Male,41,2010-08-15,Bachelors
877,Employee_877,5,Business Analyst,Other,54,2010-09-30,PhD
878,Employee_878,3,Accountant,Male,37,2022-01-30,PhD
879,Employee_879,5,UI/UX Designer,Female,38,2015-04-07,Bachelors
880,Employee_880,8,Marketing Specialist,Female,37,2018-08-24,PhD
881,Employee_881,8,Marketing Specialist,Other,22,2016-05-27,PhD
882,Employee_882,2,Software Engineer,Male,21,2014-05-21,Masters
883,Employee_883,6,Business Analyst,Female,30,2020-03-07,Masters
884,Employee_884,4,Software Engineer,Male,57,2016-08-19,Masters
885,Employee_885,9,Legal Advisor,Female,25,2015-04-10,Masters
886,Employee_886,10,HR Manager,Other,32,2011-07-21,Masters
887,Employee_887,2,Data Scientist,Male,56,2017-12-25,PhD
888,Employee_888,8,UI/UX Designer,Male,51,2010-09-09,PhD
889,Employee_889,1,Legal Advisor,Other,58,2016-06-12,Masters
890,Employee_890,6,HR Manager,Female,29,2019-08-03,Bachelors
891,Employee_891,10,Sales Executive,Female,46,2016-04-30,Masters
892,Employee_892,1,DevOps Engineer,Male,35,2015-10-17,PhD
893,Employee_893,2,Sales Executive,Other,36,2014-05-22,Bachelors
894,Employee_894,3,Software Engineer,Male,33,2018-12-15,Masters
895,Employee_895,9,Recruiter,Male,45,2011-05-29,Bachelors
896,Employee_896,5,Recruiter,Female,50,2011-03-18,Masters
897,Employee_897,10,HR Manager,Female,27,2010-01-01,PhD
898,Employee_898,10,Marketing Specialist,Female,24,2012-06-21,Masters
899,Employee_899,2,Software Engineer,Female,58,2013-05-05,Bachelors
900,Employee_900,10,HR Manager,Female,50,2016-05-10,PhD
901,Employee_901,5,UI/UX Designer,Other,30,2012-05-05,Masters
902,Employee_902,5,Software Engineer,Male,50,2012-10-14,Masters
903,Employee_903,1,HR Manager,Other,59,2016-01-30,Masters
904,Employee_904,3,Sales Executive,Male,27,2022-10-25,Masters
905,Employee_905,5,Business Analyst,Female,56,2019-08-06,PhD
906,Employee_906,9,Software Engineer,Other,55,2022-06-17,PhD
907,Employee_907,10,Business Analyst,Male,44,2010-07-15,Masters
908,Employee_908,1,DevOps Engineer,Female,59,2022-11-08,PhD
909,Employee_909,8,DevOps Engineer,Female,56,2013-08-25,Bachelors
910,Employee_910,1,Sales Executive,Other,40,2022-09-26,PhD
911,Employee_911,9,Recruiter,Other,52,2014-02-26,Bachelors
912,Employee_912,6,Network Administrator,Other,59,2022-06-01,Bachelors
913,Employee_913,1,Support Specialist,Female,46,2017-05-21,PhD
914,Employee_914,8,Product Manager,Male,46,2022-03-13,Masters
915,Employee_915,5,Data Scientist,Male,56,2018-07-05,PhD
916,Employee_916,7,Legal Advisor,Other,55,2012-11-23,Bachelors
917,Employee_917,7,Data Scientist,Male,55,2017-05-29,Bachelors
918,Employee_918,7,Data Scientist,Female,32,2015-08-26,PhD
919,Employee_919,6,Support Specialist,Male,53,2017-08-24,Bachelors
920,Employee_920,8,Legal Advisor,Female,56,2011-02-25,PhD
921,Employee_921,9,Support Specialist,Other,34,2022-09-23,PhD
922,Employee_922,2,Sales Executive,Male,53,2017-09-15,Masters
923,Employee_923,7,Sales Executive,Female,44,2017-10-11,Bachelors
924,Employee_924,2,Support Specialist,Other,35,2012-10-28,PhD
925,Employee_925,6,Recruiter,Other,51,2014-01-31,Bachelors
926,Employee_926,2,Network Administrator,Other,37,2015-03-01,PhD
927,Employee_927,10,Accountant,Other,32,2011-05-25,PhD
928,Employee_928,6,Data Scientist,Male,42,2015-02-03,Masters
929,Employee_929,2,Marketing Specialist,Female,43,2015-02-02,PhD
930,Employee_930,1,Data Scientist,Male,46,2012-07-02,Masters
931,Employee_931,7,Accountant,Female,34,2015-08-28,Bachelors
932,Employee_932,3,Software Engineer,Other,32,2018-02-14,Masters
933,Employee_933,4,Recruiter,Male,24,2020-07-04,Masters
934,Employee_934,6,Business Analyst,Other,33,2014-05-16,Bachelors
935,Employee_935,5,Business Analyst,Female,38,2022-03-01,Masters
936,Employee_936,4,Accountant,Other,48,2012-11-21,Masters
937,Employee_937,9,Data Scientist,Male,58,2012-10-20,PhD
938,Employee_938,6,Business Analyst,Male,39,2018-10-10,Masters
939,Employee_939,6,Accountant,Female,58,2011-07-30,PhD
940,Employee_940,2,Support Specialist,Female,23,2010-07-18,Masters
941,Employee_941,6,Legal Advisor,Male,39,2013-09-27,Bachelors
942,Employee_942,7,Product Manager,Male,40,2015-06-22,Bachelors
943,Employee_943,8,Sales Executive,Male,45,2012-10-13,Masters
944,Employee_944,8,HR Manager,Male,31,2019-11-28,PhD
945,Employee_945,9,Sales Executive,Female,37,2010-01-26,Masters
946,Employee_946,10,Data Scientist,Male,55,2014-04-08,PhD
947,Employee_947,3,Product Manager,Female,34,2020-03-13,Masters
948,Employee_948,10,Accountant,Male,59,2019-06-21,Bachelors
949,Employee_949,7,Software Engineer,Male,39,2019-03-11,Bachelors
950,Employee_950,7,Business Analyst,Other,23,2016-06-25,PhD
951,Employee_951,1,Product Manager,Other,54,2011-04-16,Masters
952,Employee_952,8,Business Analyst,Male,42,2016-10-03,PhD
953,Employee_953,4,Business Analyst,Female,58,2022-12-30,Bachelors
954,Employee_954,5,UI/UX Designer,Male,47,2012-06-04,PhD
955,Employee_955,6,Accountant,Other,41,2012-05-25,Masters
956,Employee_956,3,Sales Executive,Male,51,2012-07-30,PhD
957,Employee_957,5,Software Engineer,Other,47,2018-04-30,Masters
958,Employee_958,10,UI/UX Designer,Male,57,2011-07-26,Masters
959,Employee_959,5,Accountant,Male,22,2021-05-12,Bachelors
960,Employee_960,1,Data Scientist,Female,29,2011-08-28,Masters
961,Employee_961,3,Recruiter,Other,39,2022-02-07,Masters
962,Employee_962,3,Data Scientist,Other,56,2019-08-31,Masters
963,Employee_963,1,HR Manager,Other,30,2021-12-09,PhD
964,Employee_964,7,DevOps Engineer,Female,59,2011-01-17,Bachelors
965,Employee_965,1,Recruiter,Male,27,2013-05-21,PhD
966,Employee_966,7,Data Scientist,Female,24,2016-07-08,PhD
967,Employee_967,4,DevOps Engineer,Male,35,2020-05-07,Bachelors
968,Employee_968,9,Software Engineer,Female,32,2015-10-07,PhD
969,Employee_969,7,Product Manager,Female,26,2014-02-26,PhD
970,Employee_970,5,Network Administrator,Other,29,2014-03-14,Masters
971,Employee_971,7,Network Administrator,Female,55,2019-01-08,PhD
972,Employee_972,9,Network Administrator,Male,28,2019-06-03,Bachelors
973,Employee_973,10,DevOps Engineer,Female,27,2019-07-22,PhD
974,Employee_974,6,Product Manager,Female,24,2020-10-20,Masters
975,Employee_975,1,HR Manager,Male,33,2022-09-17,PhD
976,Employee_976,6,HR Manager,Other,39,2012-05-20,Bachelors
977,Employee_977,1,Network Administrator,Male,27,2015-11-21,Masters
978,Employee_978,4,Legal Advisor,Male,30,2018-11-07,PhD
979,Employee_979,8,Business Analyst,Male,45,2018-11-06,Bachelors
980,Employee_980,5,Support Specialist,Female,55,2020-04-24,Bachelors
981,Employee_981,5,Recruiter,Female,45,2018-10-13,PhD
982,Employee_982,10,Recruiter,Male,49,2022-04-21,PhD
983,Employee_983,8,Business Analyst,Male,32,2022-04-15,Masters
984,Employee_984,8,Sales Executive,Other,32,2020-06-23,PhD
985,Employee_985,1,Legal Advisor,Female,26,2014-06-01,Masters
986,Employee_986,5,Network Administrator,Female,30,2012-12-13,PhD
987,Employee_987,5,Business Analyst,Female,22,2013-07-24,Bachelors
988,Employee_988,8,Accountant,Female,45,2015-11-29,Bachelors
989,Employee_989,1,Recruiter,Male,27,2016-03-21,Bachelors
990,Employee_990,7,Accountant,Male,43,2016-12-04,Bachelors
991,Employee_991,7,Business Analyst,Other,31,2018-12-05,Masters
992,Employee_992,9,Business Analyst,Female,56,2010-12-30,Bachelors
993,Employee_993,2,Data Scientist,Female,43,2012-04-25,Masters
994,Employee_994,3,Data Scientist,Male,27,2018-04-21,Masters
995,Employee_995,4,Software Engineer,Other,47,2013-08-20,Masters
996,Employee_996,1,Support Specialist,Male,33,2018-08-29,PhD
997,Employee_997,7,DevOps Engineer,Female,37,2011-01-27,Masters
998,Employee_998,10,Software Engineer,Female,52,2018-11-30,PhD
999,Employee_999,3,HR Manager,Other,46,2015-08-22,Masters
1000,Employee_1000,3,UI/UX Designer,Male,42,2018-11-12,PhD
